P [bar],mmol/g co2
0.1,-5
1,0
2,0.6931471806
3,1.098612289
4,1.386294361
5,1.609437912